CODE,DESCRIPTION
440FT09,BEAME BEACON U0061MT - MK6
VW-100IP,IP CAMERA DRIVER FACING
HS-SSD-WAVE(S)-1024G,HIKVISION 1TB SSD - LOCAL SUPPLIERS
VW-100,AHD SONY CMOS IN CAB VIEW
VW-200,VEHICLE AHD FRONT VIEW CAMERA
VW-300,VEHICLE AHD REAR VIEW CAMERA
VW-303,"1080P, DRIVER FACING, BUILT IN MIC, IR LED PAL"
VW-304,720P AHD DRIVER FACING
VW-306,720P AHD ROAD FACING
VW-306M,720 AHD DRIVER FACING CAMERA
VW-400,AHD SONY CMOS OUTSIDE CAMERA
VW-402,SIDE VIEW WATERPROOF CAMERA
VW-4H-GF,4CH FHD/AHD HDD MDVR
VW-4S1-AI,5CH AI MDVR
VW-502,DUAL LENS VEHICLE AHD CAMERA
VW-502-D,"720P DRIVER FACING, PAL 2.5mm LENS, IR, AUDIO MIC,. FEMALE BWM CONNECTOR, PAIR WITH A2 DASHCAM"
VW-502-F,"ROAD FACING 1080P, 2.5mm LENS, PAL"
VW-800,PEDESTRIAN DETECTION CAMERA 1080P
VW-808,PEDESTRIAN DETECTION CAMERA
VW-8H1-GF,8CH FHD/AHD HDD MDVR
VW-A2 GPS,A2 GPS ANTENNA
VW-A2 MOUNTING BRACKET,A2 MOUNTING BRACKET
VW-A2-2GFW,"DUAL DASHCAM 4G, GPS"
VW-A2-MOTORBIKE,A2 MOTORBIKE CAMERA
VW-A3-4GFW,QUAD VIEW DASHCAM
VW-A4-AI,AI DASHCAM
VW-ADAS,ADAS CAMERA (ROAD FACING AI)
VW-DMS01,DMS CAMERA (DRIVER FACING)
VW-DMS BRACKET,DMS CAMERA BRACKET AI
VW-DVR GSM,DVR GSM ANTENNA
VW-DVR GPS,DVR GPS ANTENNA
VW-EC-3,3 METER 4 PIN AVIATION CABLE
VW-EC-5,5 METER 4 PIN AVIATION CABLE
VW-VM-709,INDUSTRIAL SCREEN 7 INCH
SERVICE ADAPTER,SERVICE ADAPTER S6 SK
VW-SP01,ALERT SPEAKER FOR AI
VW-MIC,EXTERNAL MIC VW
VW-MEC-5,EXTENSION CABLE FOR A2 DASHCAM
VW-EC6-5,EXTENTION CABLE 6 PIN 5 METER
VW-S480,"2.5"" SSD 480 GB"
VW-TF-256,SD CARD 256
VW-A2 POWER CABLES,A2 POWER CABLES
VW-A3 POWER CABLE,A3 CAMERA POWER CABLE
VW-SD-512,512GB SD CARD
MTX-MC904 EU,MDVR MINI
MTX - SD CARD,SD CARD 512GB
MTX-MC820E,ROAD FACING ADAS CAM
MTX-MC821B,DRIVER FACING A PILLAR
MTX-MC804A,REAR VIEW AHD CAMERA
MTX-MC804I,REAR VIEW IPC CAMERA
MTX-MC807I,IP CAMERA
MTX-MC832,ROAD FACING
MTX-MC833,DRIVER FACING CAM NO AI
MTX-MC808K,OUTSIDE SIDE VIEW CAM
MTX-CABLE 5M,5 METER EXT CABLE
MTX-CABLE 10M,10 METER EXT CABLE
MTX-CABLE 15M,15METER EXT CABLE
MTX-5M IPC 6 PIN,5M IP CAMERA CABLE 6 PINS
MTX-10M IPC 6 PIN,10M IP CAMERA CABLE 6 PINS
MTX-SPEAKER,SPEAKER
MTX-SCREEN,TFT SCREEN
MC202N,4G DASHCAM - MC202N
MTX-SENSOR,FUEL SENSOR
P08KETEXPENSESLINS,SKYLINK KEYPAD
P08KETWPROOF,KEYBOARD WATERPROOF FOR STARLINK
P08LINADAPTOR,SKYLINK LIN ADAPTER
P08MSAFETY,Skylink M Safety Kit
P08PALSTAR,Skylink Voice Kit Unit
P08SCOOTER,Skylink Motorbike
P08STARLINK4GAU,ITURAN STARLINK 4G AU
SKY-P08STARLINKTM,Skylink Scout Advanced 24v
SKY-P08STARLINKTRAILER4GLA,SKY-Trailer/asset 4G
SKY-P30DALASKEY,DALLAS TAG ITURAN
SKY-PR3300,SKYLINK SCOUT HARNESS
P03ONBATIGNAUMICROSIM,Ituran StarLink OnBatt 4G AU IGN MicroSim
P08ICAN2,Skylink I CAN
P08CASAE,Skylink I DATA
SKY-PR01 - 4G RF,SKY-  4G RF PRO
P03STARLINKBATTERY,Skylink Lite
SKY-PR08CIA,CIA KIT
SKY-PR08,SKY - EXTERNAL GPS
P03STARLINKONBATGREEN,SKY - STARLINK ONBATT 2G
SKY-E CAN,SKY - J1708 E-CAN
P05KITNZR,SKY - STARLINK SPARE HARNESS
SKY-EARLY WARNING,SKY 2 FOB + RECEIVER
Soltrack (PTY) LTD,DUT-E ATS-4
DUT-E KDC 1000,DUT-E KDC 1000MM PROBE EXTENTION
DUT-E KDC 500,DUT-E KDC 500MM PROBE EXTENTION
DUT-E FP CT,DUT-E FASTENING PLATE (CONCAVE) 
DUT-E S6 2SC-100,DUT-E 1M EXTENTION CABLE FOR FUEL PROBE
DUT-E 3SC,DUT-E T CONNECTOR
DUT-E S6 2SC-300,DUT-E 3M EXTENTION CABLE FOR FUEL PROBE
DUT-E CABLE S6 SC-CW-700,DUT-E 7M MAIN HARNESS FOR FUEL PROBE
DUT-E S6 SC-CW-150,DUT-E 1.5  EXTENTION CABLE FOR FUEL PROBE
DUT-E CAN L=1000,DUT-E 1000MM FUEL PROBE
ML9092 TSL/2.2K,TAG READER WITH 2K RESISTOR 24V
Panic Button Steel,SKY- Industrial Panic
INDUSTRIAL PANIC IMPORT,INDUSTRIAL PANIC IMPORT
BUZZER,BUZZER (24V 95dB 30 X 16mm PNL MNT WTH WIRES)
MC26,SKY - ROLLER SHUTTER - REAR DOOR SENSOR
PBFST001,FLAT PANIC BUTTON ROUND
SOLAR001,SOLAR PANEL 20W 18V FLEXIBLE SOLAR PANEL
