Vehicle_ID,Client,Account_No,Code,Description,Qty,Price_Ex,Price_Incl,Total_Incl
"CLIENT","","","","","","","",""
"GROUP","","","","","","","",""
"PROJECT","","","","","","","",""
"CODE","","","","","","","",""
"DESCRIPTION","","","","","","","",""
"COMMENTS","","","","","","","",""
"SUPPLIER","","","","","","","",""
"QTY","","","","","","","",""
"DISCOUNT","","","","","","","",""
"APP001","","","","","","","",""
"JV59VBGP","","","","","","","",""
"FH46GCGP","","","","","","","",""
"04915510","","","","","","","",""
"910LESGP","","","","","","","",""
"ACE001","","","","","","","",""
"ACEAUTOGP","","","","","","","",""
"CSH387GP","","","","","","","",""
"DN10MDGP","","","","","","","",""
"DN16LDGP","","","","","","","",""
"FB82DJGP","","","","","","","",""
"JK57NFGP","","","","","","","",""
"JSW964GP","","","","","","","",""
"JRX873GP","","","","","","","",""
"YVC881GP","","","","","","","",""
"N6453T","","","","","","","",""
"ZLF469GP","","","","","","","",""
"FX14RPGP","","","","","","","",""
"CH61303","","","","","","","",""
"1132","","","","","","","",""
"CS85JMGP","","","","","","","",""
"CH065136","","","","","","","",""
"CH502166","","","","","","","",""
"CH502140","","","","","","","",""
"1084","","","","","","","",""
"JC86MFGP","","","","","","","",""
"KM35YLGP","","","","","","","",""
"JN17GZGP","","","","","","","",""
"CH647284","","","","","","","",""
"AJS001","","","","","","","",""
"VWN496GP","","","","","","","",""
"HYT522GP","","","","","","","",""
"ALB001","","","","","","","",""
"CH90CCGP","","","","","","","",""
"SECURITY","","","","","","","",""
"ADC001","","","","","","","",""
"04908383","","","","","","","",""
"04908413","","","","","","","",""
"BZ87JFGP","","","","","","","",""
"04908478","","","","","","","",""
"STEEL001","","","","","","","",""
"KM74LDGP","","","","","","","",""
"KM89YXGP","","","","","","","",""
"KN98ZMGP","","","","","","","",""
"KN98ZNGP","","","","","","","",""
"JH83TRGP","","","","","","","",""
"JX75TRGP","","","","","","","",""
"JX75VDGP","","","","","","","",""
"JY60PZGP","","","","","","","",""
"JZ97FBGP","","","","","","","",""
"KB23PZGP","","","","","","","",""
"KB23RHGP","","","","","","","",""
"KB26HJGP","","","","","","","",""
"KM70PCGP","","","","","","","",""
"KM74LCGP","","","","","","","",""
"KM89YZGP","","","","","","","",""
"KB26HDGP","","","","","","","",""
"KB27GDGP","","","","","","","",""
"KB27ZPGP","","","","","","","",""
"KC26WDGP","","","","","","","",""
"KM70PNGP","","","","","","","",""
"KM74KZGP","","","","","","","",""
"TKW534GP","","","","","","","",""
"PRW315GP","","","","","","","",""
"KB27GLGP","","","","","","","",""
"KB09DKGP","","","","","","","",""
"JP56ZFGP","","","","","","","",""
"KZ20GZGP","","","","","","","",""
"CH308510","","","","","","","",""
"LJ56PGGP","","","","","","","",""
"LJ64WHGP","","","","","","","",""
"LK16ZSGP","","","","","","","",""
"LK17BFGP","","","","","","","",""
"LK10FVGP","","","","","","","",""
"CH512023","","","","","","","",""
"LT91GBGP","","","","","","","",""
"LT95XFGP","","","","","","","",""
"LV00XXGP","","","","","","","",""
"LT91GGGP","","","","","","","",""
"MH16MTGP","","","","","","","",""
"CH7F0586","","","","","","","",""
"MK19LHGP","","","","","","","",""
"MK50HDGP","","","","","","","",""
"CHKA0113","","","","","","","",""
"ML90CNGP","","","","","","","",""
"ML84TMGP","","","","","","","",""
"ML96CKGP","","","","","","","",""
"MP02CVGP","","","","","","","",""
"CHR19398","","","","","","","",""
"MR26DJGP","","","","","","","",""
"MD82GMGP","","","","","","","",""
"LS12WTGP","","","","","","","",""
"LR26FLGP","","","","","","","",""
"CH9F6593","","","","","","","",""
"LN43FCGP","","","","","","","",""
"STEELRODE","","","","","","","",""
"MK23XTGP","","","","","","","",""
"DY03LTGP","","","","","","","",""
"MF79ZBGP","","","","","","","",""
"CH5P5825","","","","","","","",""
"LY21YHGP","","","","","","","",""
"ML41CLGP","","","","","","","",""
"CH833375","","","","","","","",""
"DX17CKGP","","","","","","","",""
"KH82LZGP","","","","","","","",""
"JP33CFGP","","","","","","","",""
"HH96FCGP","","","","","","","",""
"FV46TWGP","","","","","","","",""
"DS10YSGP","","","","","","","",""
"DX17CZGP","","","","","","","",""
"FG24FJGP","","","","","","","",""
"DN32BSGP","","","","","","","",""
"DK32LZGP","","","","","","","",""
"DP87WWGP","","","","","","","",""
"BS19TXGP","","","","","","","",""
"DK32NCGP","","","","","","","",""
"DS10YNGP","","","","","","","",""
"FV95JKGP","","","","","","","",""
"HH94BWGP","","","","","","","",""
"BV66PWGP","","","","","","","",""
"BF26ZDGP","","","","","","","",""
"FV46TMGP","","","","","","","",""
"FV95JVGP","","","","","","","",""
"HJ04JFGP","","","","","","","",""
"JP33FMGP","","","","","","","",""
"HJ56YJGP","","","","","","","",""
"DY70FBGP","","","","","","","",""
"DK32MNGP","","","","","","","",""
"JZ32NHGP","","","","","","","",""
"JX05JXGP","","","","","","","",""
"JW62RGGP","","","","","","","",""
"JG72RSGP","","","","","","","",""
"JG80PWGP","","","","","","","",""
"JX16SPGP","","","","","","","",""
"JG89TYGP","","","","","","","",""
"JZ78PGGP","","","","","","","",""
"JZ88CYGP","","","","","","","",""
"LY87HJGP","","","","","","","",""
"JG99MLGP","","","","","","","",""
"JW33HMGP","","","","","","","",""
"DW73RKGP","","","","","","","",""
"BP70LDGP","","","","","","","",""
"JH83TGGP","","","","","","","",""
"JH83TLGP","","","","","","","",""
"JH83TMGP","","","","","","","",""
"JP33FZGP","","","","","","","",""
"JP33GRGP","","","","","","","",""
"JP33GVGP","","","","","","","",""
"MR41WNGP","","","","","","","",""
"AMANDA","","","","","","","",""
"XMG941GP","","","","","","","",""
"1077","","","","","","","",""
"ANE001","","","","","","","",""
"HY06SBGP","","","","","","","",""
"SWN800GP","","","","","","","",""
"ARM001","","","","","","","",""
"CV18GVGP","","","","","","","",""
"ATV","","","","","","","",""
"AMGGP","","","","","","","",""
"BR19FKGP","","","","","","","",""
"AUM001","","","","","","","",""
"LY43MLGP","","","","","","","",""
"CH73331","","","","","","","",""
"JN93DKGP","","","","","","","",""
"CS03WJGP","","","","","","","",""
"JB34GRGP","","","","","","","",""
"JP02YYGP","","","","","","","",""
"FJ17GNGP","","","","","","","",""
"04320002","","","","","","","",""
"KD29VSGP","","","","","","","",""
"CH076725","","","","","","","",""
"KY10BJGP","","","","","","","",""
"JY10BJGP","","","","","","","",""
"JS30BBGP","","","","","","","",""
"LEXUS","","","","","","","",""
"KZ73THGP","","","","","","","",""
"CH015137","","","","","","","",""
"LB49FKGP","","","","","","","",""
"LK21FFGP","","","","","","","",""
"JH74BWGP","","","","","","","",""
"LL42WDGP","","","","","","","",""
"CH29954","","","","","","","",""
"LX45RTGP","","","","","","","",""
"MF23LLGP","","","","","","","",""
"MM88BPGP","","","","","","","",""
"MS37HLGP","","","","","","","",""
"HBL846L","","","","","","","",""
"ML51SKGP","","","","","","","",""
"CH182188","","","","","","","",""
"MG07SHGP","","","","","","","",""
"CH184449","","","","","","","",""
"ML05LLGP","","","","","","","",""
"CH188773","","","","","","","",""
"MR84WHGP","","","","","","","",""
"MN03JTGP","","","","","","","",""
"HP07HJGP","","","","","","","",""
"FJ09ZFGP","","","","","","","",""
"04317330","","","","","","","",""
"LM10XZGP","","","","","","","",""
"LH04YLGP","","","","","","","",""
"CH128113","","","","","","","",""
"FS33NCGP","","","","","","","",""
"04389110","","","","","","","",""
"KT70BKGP","","","","","","","",""
"KN25SRGP","","","","","","","",""
"FK05HMGP","","","","","","","",""
"04320437","","","","","","","",""
"FZ14JJGP","","","","","","","",""
"PRE001","","","","","","","",""
"CH214285","","","","","","","",""
"KX85FFGP","","","","","","","",""
"CH214319","","","","","","","",""
"LC76CBGP","","","","","","","",""
"LC76BNGP","","","","","","","",""
"LC75ZYGP","","","","","","","",""
"LC78WNGP","","","","","","","",""
"LC76BVGP","","","","","","","",""
"KY73FXGP","","","","","","","",""
"CH143277","","","","","","","",""
"KZ75NXGP","","","","","","","",""
"CH967372","","","","","","","",""
"CH967329","","","","","","","",""
"KZ35BZGP","","","","","","","",""
"KZ35CDGP","","","","","","","",""
"LC75ZXGP","","","","","","","",""
"LC76BLGP","","","","","","","",""
"LJ81DYGP","","","","","","","",""
"LJ75MHGP","","","","","","","",""
"LJ81DTGP","","","","","","","",""
"LF35FHGP","","","","","","","",""
"LF90HSGP","","","","","","","",""
"LF47ZKGP","","","","","","","",""
"LK35LPGP","","","","","","","",""
"INGRID","","","","","","","",""
"LP36RHGP","","","","","","","",""
"LP76CPGP","","","","","","","",""
"LX59MWFP","","","","","","","",""
"LX06DGGP","","","","","","","",""
"LX67ZJGP","","","","","","","",""
"LX68BVGP","","","","","","","",""
"LX68DBGP","","","","","","","",""
"CH11247","","","","","","","",""
"LF35FLGP","","","","","","","",""
"CH967251","","","","","","","",""
"SCOU001","","","","","","","",""
"KP78BDGP","","","","","","","",""
"KP77YHGP","","","","","","","",""
"KM69SRGP","","","","","","","",""
"BAR002","","","","","","","",""
"BOI001","","","","","","","",""
"WLR971GP","","","","","","","",""
"BRANDON001","","","","","","","",""
"CG08VDZN","","","","","","","",""
"BUS001","","","","","","","",""
"DX67GCGP","","","","","","","",""
"BUZ001","","","","","","","",""
"001BZZGP","","","","","","","",""
"04023605","","","","","","","",""
"KN77BKGP","","","","","","","",""
"MAZDA","","","","","","","",""
"LN69LDGP","","","","","","","",""
"CAN002","","","","","","","",""
"CT18YVGP","","","","","","","",""
"1126","","","","","","","",""
"KN01FHGP","","","","","","","",""
"943","","","","","","","",""
"JH94DTGP","","","","","","","",""
"KF83JVGP","","","","","","","",""
"FR83JJGP","","","","","","","",""
"CHASSIS12864","","","","","","","",""
"CAS001","","","","","","","",""
"DS22FRGP","","","","","","","",""
"CHARL001","","","","","","","",""
"CELLPHONE","","","","","","","",""
"KZ98SYGP","","","","","","","",""
"CJP001","","","","","","","",""
"FC14YHGP","","","","","","","",""
"COL002","","","","","","","",""
"LGK635GP","","","","","","","",""
"CONCISE001","","","","","","","",""
"WAR144GP","","","","","","","",""
"LZ86KNGP","","","","","","","",""
"CH011223","","","","","","","",""
"COU001","","","","","","","",""
"CH153128","","","","","","","",""
"MK73KJGP","","","","","","","",""
"CORPCONNECT","","","","","","","",""
"CRIS001","","","","","","","",""
"CH074013","","","","","","","",""
"BV70XLGP","","","","","","","",""
"DAR001","","","","","","","",""
"JP20RRGP","","","","","","","",""
"CF11PWGP","","","","","","","",""
"04915469","","","","","","","",""
"XFW627GP","","","","","","","",""
"04899659","","","","","","","",""
"DAROCHAGP","","","","","","","",""
"04915470","","","","","","","",""
"KR59XPGP","","","","","","","",""
"1068","","","","","","","",""
"LX31BSGP","","","","","","","",""
"CH195282","","","","","","","",""
"CH196822","","","","","","","",""
"CH314884","","","","","","","",""
"CH58483","","","","","","","",""
"CHASSIS157429","","","","","","","",""
"1148","","","","","","","",""
"CH11133","","","","","","","",""
"HC23BYGP","","","","","","","",""
"DCC001","","","","","","","",""
"DEA001","","","","","","","",""
"HB30YBGP","","","","","","","",""
"HV17ZNGP","","","","","","","",""
"DEL001","","","","","","","",""
"LT84XCGP","","","","","","","",""
"LT84WYGP","","","","","","","",""
"JV55VXGP","","","","","","","",""
"TRAILER1","","","","","","","",""
"TRAILER2","","","","","","","",""
"JV55WCGP","","","","","","","",""
"JS43YZGP","","","","","","","",""
"CP05XNGP","","","","","","","",""
"BH27GXGP","","","","","","","",""
"DX83XBGP","","","","","","","",""
"WXJ645GP","","","","","","","",""
"YCC262GP","","","","","","","",""
"JC23071","","","","","","","",""
"JC23130","","","","","","","",""
"JC23133","","","","","","","",""
"JWH775MP","","","","","","","",""
"DIL001","","","","","","","",""
"LJ59JMGP","","","","","","","",""
"DONBRO001","","","","","","","",""
"JR32BYGP","","","","","","","",""
"ZHG123GP","","","","","","","",""
"VYJ790GP","","","","","","","",""
"RMB761GP","","","","","","","",""
"945LLNGP","","","","","","","",""
"DL61JYGP","","","","","","","",""
"DN20FFGP","","","","","","","",""
"DR001","","","","","","","",""
"CV26RNGP","","","","","","","",""
"04794863","","","","","","","",""
"DUP001","","","","","","","",""
"H18","","","","","","","",""
"CHASSIS235585","","","","","","","",""
"CH228466","","","","","","","",""
"HVD358FS","","","","","","","",""
"JXL243GP","","","","","","","",""
"BF88TYGP","","","","","","","",""
"JGF526FS","","","","","","","",""
"B5","","","","","","","",""
"HJB671FS","","","","","","","",""
"B4","","","","","","","",""
"FEL08","","","","","","","",""
"TLB","","","","","","","",""
"H11","","","","","","","",""
"B26","","","","","","","",""
"FLL649GFS","","","","","","","",""
"04602286","","","","","","","",""
"B33","","","","","","","",""
"L150EV8240","","","","","","","",""
"DYN001","","","","","","","",""
"MD01NTGP","","","","","","","",""
"JH08HTGP","","","","","","","",""
"LH16KLGP","","","","","","","",""
"LR38MPGP","","","","","","","",""
"MB13GLGP","","","","","","","",""
"LW90LYGP","","","","","","","",""
"EPS002","","","","","","","",""
"ERJ228GP","","","","","","","",""
"KK81PLGP","","","","","","","",""
"KK81KGGP","","","","","","","",""
"KK81MJGP","","","","","","","",""
"KK81PWGP","","","","","","","",""
"KK81LDGP","","","","","","","",""
"JZ40JBGP","","","","","","","",""
"KK81KDGP","","","","","","","",""
"HZ67WMGP","","","","","","","",""
"KK81PNGP","","","","","","","",""
"JJ03RKGP","","","","","","","",""
"HN94XNGP","","","","","","","",""
"KF91YVGP","","","","","","","",""
"KD95YFGP","","","","","","","",""
"KD96BKGP","","","","","","","",""
"KK81HVGP","","","","","","","",""
"JP33FPGP","","","","","","","",""
"KK81KNGP","","","","","","","",""
"KK81MXGP","","","","","","","",""
"JP33NKGP","","","","","","","",""
"JP33HHGP","","","","","","","",""
"JZ40HHGP","","","","","","","",""
"JJ03XCGP","","","","","","","",""
"KK81JHGP","","","","","","","",""
"KF92BJGP","","","","","","","",""
"KF04VLGP","","","","","","","",""
"KF91ZMGP","","","","","","","",""
"KF92BSGP","","","","","","","",""
"KF91YPGP","","","","","","","",""
"JZ19CGGP","","","","","","","",""
"JZ19BTGP","","","","","","","",""
"JZ09MDGP","","","","","","","",""
"JP33JJGP","","","","","","","",""
"JJ02YVGP","","","","","","","",""
"FH76LVGP","","","","","","","",""
"JJ03VKGP","","","","","","","",""
"JP33NPGP","","","","","","","",""
"JJ02ZYGP","","","","","","","",""
"JZ09LNGP","","","","","","","",""
"JJ03DLGP","","","","","","","",""
"JP33KNGP","","","","","","","",""
"JP33PNGP","","","","","","","",""
"KD95XJGP","","","","","","","",""
"JP33JCGP","","","","","","","",""
"KD95XFGP","","","","","","","",""
"JZ09NKGP","","","","","","","",""
"JZ09LVGP","","","","","","","",""
"JP33JWGP","","","","","","","",""
"JJ03PNGP","","","","","","","",""
"JP33HNGP","","","","","","","",""
"JJ03TGGP","","","","","","","",""
"JZ19BHGP","","","","","","","",""
"JZ09LFGP","","","","","","","",""
"JP33PYGP","","","","","","","",""
"JP33HZGP","","","","","","","",""
"JJ03MYGP","","","","","","","",""
"JP33RDGP","","","","","","","",""
"JP33MTGP","","","","","","","",""
"JJ03NRGP","","","","","","","",""
"FF63MKGP","","","","","","","",""
"HY87GWGP","","","","","","","",""
"HY74WRGP","","","","","","","",""
"HY40CGGP","","","","","","","",""
"JR30TKGP","","","","","","","",""
"JK68DMGP","","","","","","","",""
"JV34JJGP","","","","","","","",""
"ENN559GP","","","","","","","",""
"EMH785GP","","","","","","","",""
"ERC391GP","","","","","","","",""
"ERC412GP","","","","","","","",""
"ERC413GP","","","","","","","",""
"ERC394GP","","","","","","","",""
"KF91ZTGP","","","","","","","",""
"HY74YRGP","","","","","","","",""
"JY54WJGP","","","","","","","",""
"ENN565GP","","","","","","","",""
"KK81JSGP","","","","","","","",""
"KF92CDGP","","","","","","","",""
"XNP352GP","","","","","","","",""
"KF92CJGP","","","","","","","",""
"HW67VCGP","","","","","","","",""
"XLH494GP","","","","","","","",""
"ERJ230GP","","","","","","","",""
"ERJ231GP","","","","","","","",""
"ERJ233GP","","","","","","","",""
"ERJ232GP","","","","","","","",""
"WLD641GP","","","","","","","",""
"ERJ229GP","","","","","","","",""
"XLH496GP","","","","","","","",""
"JF74XHGP","","","","","","","",""
"JF74XGGP","","","","","","","",""
"JF74YXGP","","","","","","","",""
"JV26RJGP","","","","","","","",""
"EHM699GP","","","","","","","",""
"EPS003","","","","","","","",""
"ZVN073GP","","","","","","","",""
"VANDALISED","","","","","","","",""
"ZWZ041GP","","","","","","","",""
"ZWZ043GP","","","","","","","",""
"ZRV689GP","","","","","","","",""
"CB07JBGP","","","","","","","",""
"FH76MDGP","","","","","","","",""
"BY88NHGP","","","","","","","",""
"ZHS449GP","","","","","","","",""
"BC43JBGP","","","","","","","",""
"BY16LPGP","","","","","","","",""
"YVK697GP","","","","","","","",""
"ZHS442GP","","","","","","","",""
"ZVN083GP","","","","","","","",""
"ZXP677GP","","","","","","","",""
"ZXP679GP","","","","","","","",""
"ZXP684GP","","","","","","","",""
"ZXP688GP","","","","","","","",""
"ZPC802GP","","","","","","","",""
"ZHS437GP","","","","","","","",""
"YVK695GP","","","","","","","",""
"CJ79CZGP","","","","","","","",""
"BY16LDGP","","","","","","","",""
"BY16LFGP","","","","","","","",""
"ZHS474GP","","","","","","","",""
"ZXP678GP","","","","","","","",""
"ZRV693GP","","","","","","","",""
"ZVN069GP","","","","","","","",""
"BY16LJGP","","","","","","","",""
"PGW317GP","","","","","","","",""
"STJ337GP","","","","","","","",""
"YBF896GP","","","","","","","",""
"YVK699GP","","","","","","","",""
"ZHS445GP","","","","","","","",""
"ZHS469GP","","","","","","","",""
"ZHS470GP","","","","","","","",""
"ZVN076GP","","","","","","","",""
"ZVN080GP","","","","","","","",""
"ZHS465GP","","","","","","","",""
"ZXP686GP","","","","","","","",""
"HC07XXGP","","","","","","","",""
"BY16KVGP","","","","","","","",""
"JJ03TYGP","","","","","","","",""
"JJ03WSGP","","","","","","","",""
"JJ03NKGP","","","","","","","",""
"JR30NXGP","","","","","","","",""
"JR30PDGP","","","","","","","",""
"JR30PGGP","","","","","","","",""
"JR30SRGP","","","","","","","",""
"JR30RSGP","","","","","","","",""
"JR30RFGP","","","","","","","",""
"JR30PTGP","","","","","","","",""
"JR30PBGP","","","","","","","",""
"JR30PMGP","","","","","","","",""
"JZ40JDGP","","","","","","","",""
"JZ19CMGP","","","","","","","",""
"JZ19CBGP","","","","","","","",""
"JZ19BKGP","","","","","","","",""
"JZ09KXGP","","","","","","","",""
"JZ09XKGP","","","","","","","",""
"JZ09KKGP","","","","","","","",""
"JZ09NFGP","","","","","","","",""
"JZ09LKGP","","","","","","","",""
"KC22NXGP","","","","","","","",""
"ETC008GP","","","","","","","",""
"KC22NSGP","","","","","","","",""
"ETC009GP","","","","","","","",""
"KC22NNGP","","","","","","","",""
"ETC010GP","","","","","","","",""
"KC22PBGP","","","","","","","",""
"ERZ547GP","","","","","","","",""
"JY54WPGP","","","","","","","",""
"JJ03MNGP","","","","","","","",""
"ERB828GP","","","","","","","",""
"YBF887GP","","","","","","","",""
"ZVN070GP","","","","","","","",""
"ZVN085GP","","","","","","","",""
"BY16KYGP","","","","","","","",""
"BY16LVGP","","","","","","","",""
"ZVN081GP","","","","","","","",""
"HC07YVGP","","","","","","","",""
"HC07YMGP","","","","","","","",""
"ZVN067GP","","","","","","","",""
"ZPC806GP","","","","","","","",""
"BY16KMGP","","","","","","","",""
"YVK696GP","","","","","","","",""
"HC07YGGP","","","","","","","",""
"HC07VGGP","","","","","","","",""
"JJ03WXGP","","","","","","","",""
"CB07HWGP","","","","","","","",""
"CJ79CPGP","","","","","","","",""
"HC07YKGP","","","","","","","",""
"ZHS434GP","","","","","","","",""
"ZHS447GP","","","","","","","",""
"JJ03XLGP","","","","","","","",""
"JJ03CWGP","","","","","","","",""
"EPX408GP","","","","","","","",""
"JJ03PBGP","","","","","","","",""
"JP33MLGP","","","","","","","",""
"JR30SSGP","","","","","","","",""
"JZ40HRGP","","","","","","","",""
"JZ40HJGP","","","","","","","",""
"JP33HKGP","","","","","","","",""
"HC07YCGP","","","","","","","",""
"JJ02ZBGP","","","","","","","",""
"EPX406GP","","","","","","","",""
"ZPC805GP","","","","","","","",""
"KK81MBGP","","","","","","","",""
"KK81LMGP","","","","","","","",""
"KK81KSGP","","","","","","","",""
"KK81LHGP","","","","","","","",""
"KK81MZGP","","","","","","","",""
"KK81MLGP","","","","","","","",""
"KK81MWGP","","","","","","","",""
"KK81JBGP","","","","","","","",""
"KK81KYGP","","","","","","","",""
"KK81KJGP","","","","","","","",""
"KK81KFGP","","","","","","","",""
"KK81HMGP","","","","","","","",""
"KK81NLGP","","","","","","","",""
"KK81JWGP","","","","","","","",""
"KK81NWGP","","","","","","","",""
"KK81PZGP","","","","","","","",""
"KK81JYGP","","","","","","","",""
"KK81PRGP","","","","","","","",""
"KK81HPGP","","","","","","","",""
"HZ67RRGP","","","","","","","",""
"HZ67YKGP","","","","","","","",""
"ZHS423GP","","","","","","","",""
"JZ40HGGP","","","","","","","",""
"EPS004","","","","","","","",""
"JS99ZGGP","","","","","","","",""
"EFV337GP","","","","","","","",""
"DF68GDGP","","","","","","","",""
"TWC146GP","","","","","","","",""
"FF89DVGP","","","","","","","",""
"DABAKKIEGP","","","","","","","",""
"LH89GKGP","","","","","","","",""
"1020","","","","","","","",""
"EBL001","","","","","","","",""
"ECL001","","","","","","","",""
"JLK545NW","","","","","","","",""
"VDV2207","","","","","","","",""
"VDV2208","","","","","","","",""
"VDV2222","","","","","","","",""
"CF325542","","","","","","","",""
"VDV826","","","","","","","",""
"CF247252","","","","","","","",""
"CF216657","","","","","","","",""
"C147738","","","","","","","",""
"CF217992","","","","","","","",""
"CF212239","","","","","","","",""
"CF247256","","","","","","","",""
"CF247251","","","","","","","",""
"CF251368","","","","","","","",""
"CF334824","","","","","","","",""
"VDV607WP","","","","","","","",""
"VIN013710","","","","","","","",""
"TEMP027126","","","","","","","",""
"CF242194","","","","","","","",""
"CL72227","","","","","","","",""
"CF325544","","","","","","","",""
"VDV2223","","","","","","","",""
"894","","","","","","","",""
"1111","","","","","","","",""
"SUBELLAGP","","","","","","","",""
"1161","","","","","","","",""
"CB77BPGP","","","","","","","",""
"LKK917MP","","","","","","","",""
"HCP291MP","","","","","","","",""
"HGN922MP","","","","","","","",""
"FYP889MP","","","","","","","",""
"FYP883MP","","","","","","","",""
"FYP926MP","","","","","","","",""
"HCR057MP","","","","","","","",""
"HKP499MP","","","","","","","",""
"HCR068MP","","","","","","","",""
"FYR767MP","","","","","","","",""
"FYR741MP","","","","","","","",""
"FYR743MP","","","","","","","",""
"FYP744MP","","","","","","","",""
"FYR744MP","","","","","","","",""
"FYP923MP","","","","","","","",""
"FYP922MP","","","","","","","",""
"FYP906MP","","","","","","","",""
"FYP904MP","","","","","","","",""
"FYP890MP","","","","","","","",""
"FYP891MP","","","","","","","",""
"FYP882MP","","","","","","","",""
"FYR770MP","","","","","","","",""
"FYP770MP","","","","","","","",""
"FTG766MP","","","","","","","",""
"LJD738MP","","","","","","","",""
"LCX060MP","","","","","","","",""
"KWB546MP","","","","","","","",""
"LCX062MP","","","","","","","",""
"HZB139MP","","","","","","","",""
"HYP021MP","","","","","","","",""
"HGN905MP","","","","","","","",""
"HGP063MP","","","","","","","",""
"FYR772MP","","","","","","","",""
"FYR766MP","","","","","","","",""
"HCP041MP","","","","","","","",""
"HDK795MP","","","","","","","",""
"HDK781MP","","","","","","","",""
"HCP293MP","","","","","","","",""
"FYR774MP","","","","","","","",""
"HBZ901MP","","","","","","","",""
"HBZ872MP","","","","","","","",""
"HCR063MP","","","","","","","",""
"HCR052MP","","","","","","","",""
"HDK792MP","","","","","","","",""
"JWL244MP","","","","","","","",""
"FYR751MP","","","","","","","",""
"HCR075MP","","","","","","","",""
"FYP893MP","","","","","","","",""
"FYP895MP","","","","","","","",""
"FYP929MP","","","","","","","",""
"HCP036MP","","","","","","","",""
"HCP045MP","","","","","","","",""
"HCP295MP","","","","","","","",""
"HCP313MP","","","","","","","",""
"HCR042MP","","","","","","","",""
"HCR054MP","","","","","","","",""
"HDD141MP","","","","","","","",""
"HGN918MP","","","","","","","",""
"HGN942MP","","","","","","","",""
"HKP496MP","","","","","","","",""
"HYN988MP","","","","","","","",""
"HYN990MP","","","","","","","",""
"HYP025MP","","","","","","","",""
"HYP089MP","","","","","","","",""
"HZB127MP","","","","","","","",""
"HZB146MP","","","","","","","",""
"HYP072MP","","","","","","","",""
"FYS351MP","","","","","","","",""
"HCP311MP","","","","","","","",""
"HJD490MP","","","","","","","",""
"HBZ864MP","","","","","","","",""
"HMJ352L","","","","","","","",""
"HMJ355L","","","","","","","",""
"FYZ213MP","","","","","","","",""
"HGP054MP","","","","","","","",""
"FYR746MP","","","","","","","",""
"FYS337MP","","","","","","","",""
"HYP921MP","","","","","","","",""
"HGN947MP","","","","","","","",""
"HYP050MP","","","","","","","",""
"HYP080MP","","","","","","","",""
"HGN930MP","","","","","","","",""
"FWG651MP","","","","","","","",""
"FYR728MP","","","","","","","",""
"FTX153MP","","","","","","","",""
"HGN955MP","","","","","","","",""
"HGN926MP","","","","","","","",""
"HGN933MP","","","","","","","",""
"HYN995MP","","","","","","","",""
"FYP912MP","","","","","","","",""
"KWB556MP","","","","","","","",""
"KWB547MP","","","","","","","",""
"KWB553MP","","","","","","","",""
"HGN950MP","","","","","","","",""
"HDD185MP","","","","","","","",""
"FYR755MP","","","","","","","",""
"FYP910MP","","","","","","","",""
"KBZ984MP","","","","","","","",""
"HDK803MP","","","","","","","",""
"FTG767MP","","","","","","","",""
"KWB551MP","","","","","","","",""
"DWW072L","","","","","","","",""
"FTG764MP","","","","","","","",""
"FTG768MP","","","","","","","",""
"DWW068L","","","","","","","",""
"FYP898MP","","","","","","","",""
"JMZ987MP","","","","","","","",""
"HJD494MP","","","","","","","",""
"JHC228MP","","","","","","","",""
"HYN996MP","","","","","","","",""
"HYP068MP","","","","","","","",""
"JMY014MP","","","","","","","",""
"HJD485MP","","","","","","","",""
"HJD487MP","","","","","","","",""
"HJD478MP","","","","","","","",""
"HGP049MP","","","","","","","",""
"HCP321MP","","","","","","","",""
"HCX026L","","","","","","","",""
"HCX033L","","","","","","","",""
"HDK744MP","","","","","","","",""
"HJD484MP","","","","","","","",""
"FYR748MP","","","","","","","",""
"HDK779MP","","","","","","","",""
"HBZ874MP","","","","","","","",""
"FYR731MP","","","","","","","",""
"HCP305MP","","","","","","","",""
"FYR735MP","","","","","","","",""
"HCP288MP","","","","","","","",""
"HDK807MP","","","","","","","",""
"HDK787MP","","","","","","","",""
"HJD497MP","","","","","","","",""
"FWG659MP","","","","","","","",""
"FWG654MP","","","","","","","",""
"HGN896MP","","","","","","","",""
"HYP033MP","","","","","","","",""
"HYN997MP","","","","","","","",""
"HZB171MP","","","","","","","",""
"HGP038MP","","","","","","","",""
"HKP492MP","","","","","","","",""
"HCR066MP","","","","","","","",""
"FYP907MP","","","","","","","",""
"HCP031MP","","","","","","","",""
"HCP048MP","","","","","","","",""
"HCP290MP","","","","","","","",""
"HCP209MP","","","","","","","",""
"HCR022MP","","","","","","","",""
"HGP043MP","","","","","","","",""
"HKP503MP","","","","","","","",""
"665","","","","","","","",""
"HW36YRGP","","","","","","","",""
"CHASSIS559946","","","","","","","",""
"KMB286NW","","","","","","","",""
"LBM628NW","","","","","","","",""
"LBB342MP","","","","","","","",""
"1150","","","","","","","",""
"KJR891NW","","","","","","","",""
"JLF435NW","","","","","","","",""
"JZL038NW","","","","","","","",""
"KJR891MW","","","","","","","",""
"EKC56GP","","","","","","","",""
"KDH696NW","","","","","","","",""
"FDS656NW","","","","","","","",""
"HH33SXGP","","","","","","","",""
"KLK718NW","","","","","","","",""
"CHASSIS065071","","","","","","","",""
"KMM435NW","","","","","","","",""
"CHASSIS071543","","","","","","","",""
"KDZ811NW","","","","","","","",""
"FR29YGGP","","","","","","","",""
"TEMP097382","","","","","","","",""
"KDY438NW","","","","","","","",""
"KDY439NW","","","","","","","",""
"CK31760P","","","","","","","",""
"CHASSIS4029182","","","","","","","",""
"JZJ040NW","","","","","","","",""
"CH4008868","","","","","","","",""
"JXY706NW","","","","","","","",""
"CHASSIS4000774","","","","","","","",""
"JGJ469NW","","","","","","","",""
"04838565","","","","","","","",""
"04852363","","","","","","","",""
"JNY201NW","","","","","","","",""
"04908537","","","","","","","",""
"FXH894NW","","","","","","","",""
"04838019","","","","","","","",""
"KBN428NW","","","","","","","",""
"FC60MKGP","","","","","","","",""
"CYH638NC","","","","","","","",""
"JMY682MP","","","","","","","",""
"JLK905MP","","","","","","","",""
"HDB190FS","","","","","","","",""
"LDM982NW","","","","","","","",""
"HMS307FS","","","","","","","",""
"LK78FWGP","","","","","","","",""
"CMC198NC","","","","","","","",""
"CHASSIS491124","","","","","","","",""
"713","","","","","","","",""
"TENP036046","","","","","","","",""
"666","","","","","","","",""
"TEMP23T0389","","","","","","","",""
"TEMO24T0390","","","","","","","",""
"TEMP24T0390","","","","","","","",""
"TEMP21T0387","","","","","","","",""
"TEMP532215","","","","","","","",""
"CY434326","","","","","","","",""
"TEMP543534","","","","","","","",""
"CY335069","","","","","","","",""
"CY359210","","","","","","","",""
"CHASSISA1026","","","","","","","",""
"CHASSISA1227","","","","","","","",""
"CHASSIS467530","","","","","","","",""
"CHASSISY01425","","","","","","","",""
"CHASSIS039999","","","","","","","",""
"CY174825","","","","","","","",""
"CHASSIS37373","","","","","","","",""
"TEMP817939","","","","","","","",""
"CY295602","","","","","","","",""
"CHASSIS486024","","","","","","","",""
"TEMP22T0388","","","","","","","",""
"CY87562","","","","","","","",""
"CY274496","","","","","","","",""
"TEMP83755","","","","","","","",""
"676","","","","","","","",""
"XZM339P","","","","","","","",""
"TEMP620945","","","","","","","",""
"TEMP496105","","","","","","","",""
"TEMP496236","","","","","","","",""
"TEMP496132","","","","","","","",""
"TEMP495894","","","","","","","",""
"KC00XZGP","","","","","","","",""
"NDH454","","","","","","","",""
"FB63BMGP","","","","","","","",""
"NV40324","","","","","","","",""
"TEMP647396","","","","","","","",""
"TEMP647765","","","","","","","",""
"TEMPA76780","","","","","","","",""
"TEMPA95234","","","","","","","",""
"TEMPA47843","","","","","","","",""
"TEMPA47073","","","","","","","",""
"TEMP795693","","","","","","","",""
"TEMP763330","","","","","","","",""
"TEMP019991","","","","","","","",""
"MD30BBGP","","","","","","","",""
"TEMP019013","","","","","","","",""
"CAA29759","","","","","","","",""
"TEMP763326","","","","","","","",""
"MS99MSGP","","","","","","","",""
"JKD557EC","","","","","","","",""
"TEMP795694","","","","","","","",""
"EDGGP001","","","","","","","",""
"CY174824","","","","","","","",""
"CEY23586","","","","","","","",""
"1140","","","","","","","",""
"TEMP373674","","","","","","","",""
"CHASSIS10138","","","","","","","",""
"CHASSIS808444","","","","","","","",""
"CHASSIS811360","","","","","","","",""
"CHASSIS10143","","","","","","","",""
"CHASSIS10139","","","","","","","",""
"CAW36495","","","","","","","",""
"CHASSIS11361","","","","","","","",""
"CHASSIS16476","","","","","","","",""
"TEMPN42052","","","","","","","",""
"HP25WHGP","","","","","","","",""
"CHASSIS000443","","","","","","","",""
"CY109103","","","","","","","",""
"CA76002","","","","","","","",""
"KS82LTGP","","","","","","","",""
"CY234435","","","","","","","",""
"798","","","","","","","",""
"CN19916","","","","","","","",""
"CN9499","","","","","","","",""
"DLTK57WP","","","","","","","",""
"1099","","","","","","","",""
"TEMP818179","","","","","","","",""
"CHASSIS192832","","","","","","","",""
"CHASSIS192695","","","","","","","",""
"TEMP040884","","","","","","","",""
"CV16475","","","","","","","",""
"1135","","","","","","","",""
"HC02MNGP","","","","","","","",""
"FV69ZLGP","","","","","","","",""
"CA596362","","","","","","","",""
"664","","","","","","","",""
"DSY334FS","","","","","","","",""
"FJ80XTGP","","","","","","","",""
"JTN572NW","","","","","","","",""
"CCK18915","","","","","","","",""
"HF99SKGP","","","","","","","",""
"CX5694L","","","","","","","",""
"HC02MZGP","","","","","","","",""
"LD39FXGP","","","","","","","",""
"LC42TXGP","","","","","","","",""
"LD39DBGP","","","","","","","",""
"KPZ509MP","","","","","","","",""
"KFM129MP","","","","","","","",""
"JCD042MP","","","","","","","",""
"CSK703NC","","","","","","","",""
"CHASSIS175679","","","","","","","",""
"HBY130L","","","","","","","",""
"CNS186NC","","","","","","","",""
"HDY586GP","","","","","","","",""
"DCM378GP","","","","","","","",""
"CVB216NC","","","","","","","",""
"776","","","","","","","",""
"TEMP090256","","","","","","","",""
"FB87WMGP","","","","","","","",""
"CK29378P","","","","","","","",""
"HMK368MP","","","","","","","",""
"HDY598MP","","","","","","","",""
"CT04TTGP","","","","","","","",""
"JCM767FS","","","","","","","",""
"FG26DXGP","","","","","","","",""
"HMH044FS","","","","","","","",""
"DSJ103FS","","","","","","","",""
"04339432","","","","","","","",""
"FHV498FS","","","","","","","",""
"JCM471FS","","","","","","","",""
"FYR821FS","","","","","","","",""
"CA270479","","","","","","","",""
"KZ62PJGP","","","","","","","",""
"ESY198GP","","","","","","","",""
"KZ62PPGP","","","","","","","",""
"TEMP06836","","","","","","","",""
"TEMP297587","","","","","","","",""
"TEMP200408","","","","","","","",""
"1075","","","","","","","",""
"TEMP034582","","","","","","","",""
"945","","","","","","","",""
"CHASSIS146076","","","","","","","",""
"856","","","","","","","",""
"CHASSIS04589","","","","","","","",""
"CA138669","","","","","","","",""
"CA384338","","","","","","","",""
"CAA542682","","","","","","","",""
"950","","","","","","","",""
"ECG906GP","","","","","","","",""
"1074","","","","","","","",""
"CW56061P","","","","","","","",""
"TEMP656054","","","","","","","",""
"TEMP515658","","","","","","","",""
"KHV030EC","","","","","","","",""
"TEMP515659","","","","","","","",""
"CF77343","","","","","","","",""
"TEMP001729","","","","","","","",""
"CF210785","","","","","","","",""
"CF80929","","","","","","","",""
"04838181","","","","","","","",""
"04838017","","","","","","","",""
"CHASSIS302658","","","","","","","",""
"04347577","","","","","","","",""
"TEMP539501","","","","","","","",""
"TEMP803299","","","","","","","",""
"TEMP814905","","","","","","","",""
"EDG001","","","","","","","",""
"TEMP232775","","","","","","","",""
"964","","","","","","","",""
"TEMP000854","","","","","","","",""
"1144","","","","","","","",""
"ELI001","","","","","","","",""
"LL56BKGP","","","","","","","",""
"LJ97ZVGP","","","","","","","",""
"ENE001","","","","","","","",""
"CENTURION","","","","","","","",""
"REDS","","","","","","","",""
"YARONA","","","","","","","",""
"KYALAMI","","","","","","","",""
"SUNINGHILL","","","","","","","",""
"OLIEVENHOUT","","","","","","","",""
"RIVONIA","","","","","","","",""
"ROOIHUISKRAAL","","","","","","","",""
"MARLBORO","","","","","","","",""
"WOODMEAD","","","","","","","",""
"MORULA","","","","","","","",""
"HEBRON","","","","","","","",""
"WAVERLEY","","","","","","","",""
"WELKOM","","","","","","","",""
"DURBANVILLE","","","","","","","",""
"WELGEMOED","","","","","","","",""
"MIDRAND","","","","","","","",""
"OAKDALE","","","","","","","",""
"FATIMA","","","","","","","",""
"THABONG","","","","","","","",""
"MODDERSPRUIT","","","","","","","",""
"PRELLER","","","","","","","",""
"KROONSTAD","","","","","","","",""
"GALESHEWE","","","","","","","",""
"TRIANGLE","","","","","","","",""
"SEDIBA","","","","","","","",""
"LANGENHOVENPARK","","","","","","","",""
"MILNERTON","","","","","","","",""
"RIETFONTEIN","","","","","","","",""
"LYTTELTON","","","","","","","",""
"BALLYCLARE","","","","","","","",""
"EBONY","","","","","","","",""
"WILLOWS","","","","","","","",""
"BRACKENHURST","","","","","","","",""
"CARLETONVILLE","","","","","","","",""
"KRUGERSDORP","","","","","","","",""
"FERNDALE","","","","","","","",""
"BAMBANANI","","","","","","","",""
"RYNFIELD","","","","","","","",""
"BRAAMFONTEIN","","","","","","","",""
"RANDFONTEIN","","","","","","","",""
"NOORDHEUWEL","","","","","","","",""
"BERGBRON","","","","","","","",""
"FOURWAYS","","","","","","","",""
"LAMBTON","","","","","","","",""
"BIRCHLEIGH","","","","","","","",""
"NORTHMEAD","","","","","","","",""
"MEADOWDALE","","","","","","","",""
"FLORENTIA","","","","","","","",""
"FARRARMERE","","","","","","","",""
"SPRINGSGATE","","","","","","","",""
"EUR001","","","","","","","",""
"FIRSTG","","","","","","","",""
"JF68WWG","","","","","","","",""
"CHASSIS630036","","","","","","","",""
"MJ96HPGP","","","","","","","",""
"FOURW","","","","","","","",""
"CY88CSGP","","","","","","","",""
"FWC001","","","","","","","",""
"HB84GXGP","","","","","","","",""
"HH28KTGP","","","","","","","",""
"JD57FXGP","","","","","","","",""
"FRAMEW","","","","","","","",""
"HB99DZGP","","","","","","","",""
"HD21HLGP","","","","","","","",""
"DT33SHGP","","","","","","","",""
"KW57TWGP","","","","","","","",""
"FSI001","","","","","","","",""
"FSI303","","","","","","","",""
"FSI272","","","","","","","",""
"FSI409","","","","","","","",""
"FSI426","","","","","","","",""
"FSI465","","","","","","","",""
"FUE001","","","","","","","",""
"BH05JKGP","","","","","","","",""
"MP99VVGP","","","","","","","",""
"NPS85461","","","","","","","",""
"CH10181","","","","","","","",""
"CH823648","","","","","","","",""
"G5001","","","","","","","",""
"NUR64516","","","","","","","",""
"GAB001","","","","","","","",""
"HD06RXGP","","","","","","","",""
"CHASSIS00942","","","","","","","",""
"GAR001","","","","","","","",""
"JV60CZGP","","","","","","","",""
"LN60DLGP","","","","","","","",""
"GEN001","","","","","","","",""
"LC00DYGP","","","","","","","",""
"GER001","","","","","","","",""
"HZ44PFGP","","","","","","","",""
"1002","","","","","","","",""
"DV03CFGP","","","","","","","",""
"DG34TGGP","","","","","","","",""
"FJ21SCGP","","","","","","","",""
"FJ25PMGP","","","","","","","",""
"FJ25RFGP","","","","","","","",""
"DV52MHGP","","","","","","","",""
"GOO001","","","","","","","",""
"JX20RBGP","","","","","","","",""
"JX20PJGP","","","","","","","",""
"CH549033","","","","","","","",""
"CH08338","","","","","","","",""
"KN23MVGP","","","","","","","",""
"CH086270","","","","","","","",""
"HR29BGGP","","","","","","","",""
"LS51HZGP","","","","","","","",""
"EXR934GP","","","","","","","",""
"LS51HNGP","","","","","","","",""
"EXR935GP","","","","","","","",""
"CH09362","","","","","","","",""
"CH09363","","","","","","","",""
"CH09364","","","","","","","",""
"CH09355","","","","","","","",""
"CH09422","","","","","","","",""
"CH09358","","","","","","","",""
"CH09286","","","","","","","",""
"CH09200","","","","","","","",""
"CH08788","","","","","","","",""
"CH09164","","","","","","","",""
"CH08110","","","","","","","",""
"CH09359","","","","","","","",""
"CH09360","","","","","","","",""
"LP82XCGP","","","","","","","",""
"BT36TTGP","","","","","","","",""
"MM27KCGP","","","","","","","",""
"KK85FVGP","","","","","","","",""
"LF89HKGP","","","","","","","",""
"CH09527","","","","","","","",""
"CH08341","","","","","","","",""
"HR28YPGP","","","","","","","",""
"GRAV001","","","","","","","",""
"JK60CYGP","","","","","","","",""
"CH140276","","","","","","","",""
"HAN001","","","","","","","",""
"DV86FTGP","","","","","","","",""
"HVN001","","","","","","","",""
"MACHARVEY","","","","","","","",""
"04326408","","","","","","","",""
"1091","","","","","","","",""
"JZ29NTGP","","","","","","","",""
"HEN001","","","","","","","",""
"HIT001","","","","","","","",""
"MG53BCGP","","","","","","","",""
"CHASSIS72241","","","","","","","",""
"CHASSIS72244","","","","","","","",""
"JT15XPGP","","","","","","","",""
"JJ20KJGP","","","","","","","",""
"CHASSIS64917","","","","","","","",""
"LM60FBGP","","","","","","","",""
"CHASSIS72829","","","","","","","",""
"CHASSIS73387","","","","","","","",""
"CHASSIS64950","","","","","","","",""
"CHASSIS72246","","","","","","","",""
"CHASSIS70581","","","","","","","",""
"CHASSIS72242","","","","","","","",""
"CHASSIS72243","","","","","","","",""
"DC44WWZN","","","","","","","",""
"DC44WTZN","","","","","","","",""
"MP78VXGP","","","","","","","",""
"MP78VRGP","","","","","","","",""
"MP78VVGP","","","","","","","",""
"MP78VLGP","","","","","","","",""
"ICO001","","","","","","","",""
"FJ91SGGP","","","","","","","",""
"INANI001","","","","","","","",""
"LX61FYGP","","","","","","","",""
"FY68VPGP","","","","","","","",""
"FF90DRGP","","","","","","","",""
"1100","","","","","","","",""
"FW17XNGP","","","","","","","",""
"IFC001","","","","","","","",""
"FPC982FS","","","","","","","",""
"04850566","","","","","","","",""
"INT001","","","","","","","",""
"KM51WVGP","","","","","","","",""
"MM77KPGP","","","","","","","",""
"MM77KRGP","","","","","","","",""
"IVAN001","","","","","","","",""
"JACOBUS","","","","","","","",""
"BG95CTGP","","","","","","","",""
"JCJ001","","","","","","","",""
"KLB409NW","","","","","","","",""
"JOH001","","","","","","","",""
"CH276131","","","","","","","",""
"JOHANNES","","","","","","","",""
"NFL751GP","","","","","","","",""
"JOH002","","","","","","","",""
"FF66TWGP","","","","","","","",""
"JOR001","","","","","","","",""
"KG20ZCGP","","","","","","","",""
"VDB001","","","","","","","",""
"KN49YBGP","","","","","","","",""
"KAR001","","","","","","","",""
"DF35HYGP","","","","","","","",""
"KNO001","","","","","","","",""
"XVV477GP","","","","","","","",""
"KENBERT","","","","","","","",""
"FW34BFGP","","","","","","","",""
"04873972","","","","","","","",""
"CH41759","","","","","","","",""
"CH68493","","","","","","","",""
"COR1V9","","","","","","","",""
"JRP174MP","","","","","","","",""
"CH277830","","","","","","","",""
"HY14XGGP","","","","","","","",""
"CH04681","","","","","","","",""
"CHASSIS20131","","","","","","","",""
"KEY001","","","","","","","",""
"CH1333978","","","","","","","",""
"KIM001","","","","","","","",""
"DK63XGGP","","","","","","","",""
"LECE001","","","","","","","",""
"LINK001","","","","","","","",""
"HK95SYGP","","","","","","","",""
"SBX030GP","","","","","","","",""
"XGH629GP","","","","","","","",""
"LIZ001","","","","","","","",""
"FR15FGGP","","","","","","","",""
"CHASSIS285220","","","","","","","",""
"LTS001","","","","","","","",""
"FL133","","","","","","","",""
"FL132","","","","","","","",""
"HTJ729EC","","","","","","","",""
"LTS002","","","","","","","",""
"DAF","","","","","","","",""
"KK50BKGP","","","","","","","",""
"LUBERN","","","","","","","",""
"CBH129NC","","","","","","","",""
"04810958","","","","","","","",""
"1082","","","","","","","",""
"1397","","","","","","","",""
"620","","","","","","","",""
"04908306","","","","","","","",""
"04380096","","","","","","","",""
"221","","","","","","","",""
"04915569","","","","","","","",""
"04361331","","","","","","","",""
"04364873","","","","","","","",""
"04364791","","","","","","","",""
"04350518","","","","","","","",""
"04365046","","","","","","","",""
"04347835","","","","","","","",""
"04350304","","","","","","","",""
"04350633","","","","","","","",""
"04350694","","","","","","","",""
"04348532","","","","","","","",""
"04908521","","","","","","","",""
"04915494","","","","","","","",""
"04908527","","","","","","","",""
"04360607","","","","","","","",""
"04350259","","","","","","","",""
"04775222","","","","","","","",""
"MCC001","","","","","","","",""
"CHASSISY00503","","","","","","","",""
"222","","","","","","","",""
"ND865049","","","","","","","",""
"CH020787","","","","","","","",""
"ND38117","","","","","","","",""
"CHX10059","","","","","","","",""
"ND865053","","","","","","","",""
"CHY00495","","","","","","","",""
"CHX28740","","","","","","","",""
"BH21LPGP","","","","","","","",""
"CH113891","","","","","","","",""
"CHX10335","","","","","","","",""
"ND854656","","","","","","","",""
"ND810586","","","","","","","",""
"BS38KXGP","","","","","","","",""
"ND260548","","","","","","","",""
"04830568","","","","","","","",""
"CR35NJGP","","","","","","","",""
"CHX10061","","","","","","","",""
"BN00CRGP","","","","","","","",""
"ND807579","","","","","","","",""
"04830571","","","","","","","",""
"ND807577","","","","","","","",""
"04830588","","","","","","","",""
"ND258280","","","","","","","",""
"ND246706","","","","","","","",""
"04880065","","","","","","","",""
"ND691181","","","","","","","",""
"04693275","","","","","","","",""
"ND695976","","","","","","","",""
"04900735","","","","","","","",""
"ND718191","","","","","","","",""
"04901201","","","","","","","",""
"ND723197","","","","","","","",""
"04693667","","","","","","","",""
"ND81894","","","","","","","",""
"04900798","","","","","","","",""
"ND126886","","","","","","","",""
"04880299","","","","","","","",""
"ND732842","","","","","","","",""
"04901170","","","","","","","",""
"ND733408","","","","","","","",""
"04901417","","","","","","","",""
"ND737000","","","","","","","",""
"04901134","","","","","","","",""
"MACEXP","","","","","","","",""
"04692952","","","","","","","",""
"MEI001","","","","","","","",""
"MEK001","","","","","","","",""
"EFG224GP","","","","","","","",""
"MEN001","","","","","","","",""
"KS56TLGP","","","","","","","",""
"MEPRE001","","","","","","","",""
"MEV001","","","","","","","",""
"MEW001","","","","","","","",""
"CH248902","","","","","","","",""
"MEWR001","","","","","","","",""
"626","","","","","","","",""
"CH132223","","","","","","","",""
"CH050650","","","","","","","",""
"627","","","","","","","",""
"04503911","","","","","","","",""
"MR05XMGP","","","","","","","",""
"04775075","","","","","","","",""
"CZ13SRZN","","","","","","","",""
"628","","","","","","","",""
"CH701282","","","","","","","",""
"CHR54319","","","","","","","",""
"CH533060","","","","","","","",""
"04364682","","","","","","","",""
"04892988","","","","","","","",""
"04211730","","","","","","","",""
"04380156","","","","","","","",""
"04874187","","","","","","","",""
"04873218","","","","","","","",""
"04855171","","","","","","","",""
"629","","","","","","","",""
"CHASSIS014055","","","","","","","",""
"MACSECUNDA","","","","","","","",""
"MACHQ","","","","","","","",""
"04830171","","","","","","","",""
"04830095","","","","","","","",""
"04313133","","","","","","","",""
"04830083","","","","","","","",""
"04830085","","","","","","","",""
"04350464","","","","","","","",""
"MACDUNSWART","","","","","","","",""
"CHY18441","","","","","","","",""
"04212663","","","","","","","",""
"CHX24397","","","","","","","",""
"04880303","","","","","","","",""
"04880440","","","","","","","",""
"04880435","","","","","","","",""
"04879916","","","","","","","",""
"04901432","","","","","","","",""
"04873004","","","","","","","",""
"04880438","","","","","","","",""
"04880281","","","","","","","",""
"MACSPEC","","","","","","","",""
"ND787211","","","","","","","",""
"04894500","","","","","","","",""
"ND806156","","","","","","","",""
"04819914","","","","","","","",""
"ND865057","","","","","","","",""
"CH020122","","","","","","","",""
"CHX15888","","","","","","","",""
"CH616794","","","","","","","",""
"ND751643","","","","","","","",""
"04693259","","","","","","","",""
"ND694978","","","","","","","",""
"04794808","","","","","","","",""
"MACBLOEM","","","","","","","",""
"CHASSIS402200","","","","","","","",""
"04310221","","","","","","","",""
"04310129","","","","","","","",""
"04310067","","","","","","","",""
"04310077","","","","","","","",""
"04309928","","","","","","","",""
"04309882","","","","","","","",""
"ROAMING","","","","","","","",""
"MACBRI","","","","","","","",""
"CHX13571","","","","","","","",""
"04901022","","","","","","","",""
"04050702","","","","","","","",""
"04887092","","","","","","","",""
"MACCT","","","","","","","",""
"CHASSISY00063","","","","","","","",""
"CHASSISY00061","","","","","","","",""
"CHASSISY00062","","","","","","","",""
"CHX10332","","","","","","","",""
"CHX10331","","","","","","","",""
"H802815","","","","","","","",""
"CY3134364","","","","","","","",""
"04326906","","","","","","","",""
"04347209","","","","","","","",""
"04326053","","","","","","","",""
"04899971","","","","","","","",""
"04899261","","","","","","","",""
"04501771","","","","","","","",""
"04899739","","","","","","","",""
"04899282","","","","","","","",""
"04899894","","","","","","","",""
"04898670","","","","","","","",""
"04898790","","","","","","","",""
"04898809","","","","","","","",""
"04898614","","","","","","","",""
"04898818","","","","","","","",""
"04899972","","","","","","","",""
"04898796","","","","","","","",""
"04898672","","","","","","","",""
"CY36080","","","","","","","",""
"04810570","","","","","","","",""
"MACDBN","","","","","","","",""
"ND315869","","","","","","","",""
"CH063226","","","","","","","",""
"CH063374","","","","","","","",""
"MACGERM","","","","","","","",""
"04365685","","","","","","","",""
"CH000846","","","","","","","",""
"04380095","","","","","","","",""
"CH050629","","","","","","","",""
"CH050814","","","","","","","",""
"CHX23791","","","","","","","",""
"CHX24412","","","","","","","",""
"LF58YGGP","","","","","","","",""
"CH050871","","","","","","","",""
"CH050872","","","","","","","",""
"04365206","","","","","","","",""
"04258500","","","","","","","",""
"04365660","","","","","","","",""
"04509310","","","","","","","",""
"04366414","","","","","","","",""
"04360694","","","","","","","",""
"04361299","","","","","","","",""
"04364898","","","","","","","",""
"04365312","","","","","","","",""
"04358498","","","","","","","",""
"04388453","","","","","","","",""
"04364735","","","","","","","",""
"04388476","","","","","","","",""
"04358832","","","","","","","",""
"04359004","","","","","","","",""
"04360531","","","","","","","",""
"04350272","","","","","","","",""
"04360583","","","","","","","",""
"04361373","","","","","","","",""
"04361527","","","","","","","",""
"04365132","","","","","","","",""
"04364880","","","","","","","",""
"04617012","","","","","","","",""
"04366384","","","","","","","",""
"04365209","","","","","","","",""
"04360538","","","","","","","",""
"04366137","","","","","","","",""
"04349858","","","","","","","",""
"04350607","","","","","","","",""
"04365048","","","","","","","",""
"04360367","","","","","","","",""
"04350422","","","","","","","",""
"04359756","","","","","","","",""
"04360693","","","","","","","",""
"04361379","","","","","","","",""
"04365174","","","","","","","",""
"04389267","","","","","","","",""
"04361513","","","","","","","",""
"04365693","","","","","","","",""
"04350385","","","","","","","",""
"04366136","","","","","","","",""
"04388556","","","","","","","",""
"04637228","","","","","","","",""
"04389113","","","","","","","",""
"04874213","","","","","","","",""
"MACSC","","","","","","","",""
"CH243445","","","","","","","",""
"CH006863","","","","","","","",""
"CH637134","","","","","","","",""
"MACPHAL","","","","","","","",""
"CH006864","","","","","","","",""
"CHASSIS006864","","","","","","","",""
"04380509","","","","","","","",""
"04893104","","","","","","","",""
"CHASSISJ79541","","","","","","","",""
"MACWADEVILLE","","","","","","","",""
"CHX10316","","","","","","","",""
"04692955","","","","","","","",""
"CH151522","","","","","","","",""
"04894452","","","","","","","",""
"04892793","","","","","","","",""
"04892842","","","","","","","",""
"MACPE","","","","","","","",""
"04617060","","","","","","","",""
"CHX24496","","","","","","","",""
"CH122032","","","","","","","",""
"CHX24398","","","","","","","",""
"CHX10029","","","","","","","",""
"04893250","","","","","","","",""
"MACTP","","","","","","","",""
"CHX24389","","","","","","","",""
"04697592","","","","","","","",""
"04310091","","","","","","","",""
"04893942","","","","","","","",""
"04632051","","","","","","","",""
"04893935","","","","","","","",""
"04893137","","","","","","","",""
"04893950","","","","","","","",""
"04894178","","","","","","","",""
"04893931","","","","","","","",""
"04915489","","","","","","","",""
"MAG001","","","","","","","",""
"HZC131MP","","","","","","","",""
"FH41FSGP","","","","","","","",""
"HSR457MP","","","","","","","",""
"04587934","","","","","","","",""
"MCT001","","","","","","","",""
"04799012","","","","","","","",""
"HJ52BHGP","","","","","","","",""
"CH823655","","","","","","","",""
"CH823654","","","","","","","",""
"CH823649","","","","","","","",""
"04799141","","","","","","","",""
"04799149","","","","","","","",""
"04790440","","","","","","","",""
"LF64ROGP","","","","","","","",""
"04811067","","","","","","","",""
"MAL001","","","","","","","",""
"HB34WWGP","","","","","","","",""
"MANI001","","","","","","","",""
"MARCUS","","","","","","","",""
"MAR001","","","","","","","",""
"CZ52GXGP","","","","","","","",""
"MIL001","","","","","","","",""
"HW32VKGP","","","","","","","",""
"MARIUS","","","","","","","",""
"JG70XBGP","","","","","","","",""
"LG63RHGP","","","","","","","",""
"898","","","","","","","",""
"DT88VVGP","","","","","","","",""
"1110","","","","","","","",""
"HL05CMGP","","","","","","","",""
"EDG468GP","","","","","","","",""
"STONE001","","","","","","","",""
"CH967396","","","","","","","",""
"CHASSIS967361","","","","","","","",""
"3991698","","","","","","","",""
"CHASSIS010487","","","","","","","",""
"M11","","","","","","","",""
"NU73123","","","","","","","",""
"HSW670FS","","","","","","","",""
"M07","","","","","","","",""
"M12","","","","","","","",""
"CH80859","","","","","","","",""
"CH60048","","","","","","","",""
"JGP170FS","","","","","","","",""
"FK56NKGP","","","","","","","",""
"M13","","","","","","","",""
"JP07WSGP","","","","","","","",""
"MAYS2245","","","","","","","",""
"MEL001","","","","","","","",""
"KHG497NW","","","","","","","",""
"MELODY001","","","","","","","",""
"CY21JTGP","","","","","","","",""
"MFA001","","","","","","","",""
"DH47VDGP","","","","","","","",""
"MIKE001","","","","","","","",""
"JD80YFGP","","","","","","","",""
"MNANDI001","","","","","","","",""
"CH965009","","","","","","","",""
"MS33FYGP","","","","","","","",""
"151STBGP","","","","","","","",""
"CH987743","","","","","","","",""
"MOTORADIO","","","","","","","",""
"2791425","","","","","","","",""
"2791430","","","","","","","",""
"2799262","","","","","","","",""
"2791410","","","","","","","",""
"2799377","","","","","","","",""
"MPUMA001","","","","","","","",""
"MYSMARTOBJECT","","","","","","","",""
"APEX58","","","","","","","",""
"MPU001","","","","","","","",""
"FD77XHGP","","","","","","","",""
"1137","","","","","","","",""
"NAR001","","","","","","","",""
"FN38RFGP","","","","","","","",""
"JX24DXGP","","","","","","","",""
"ND885044","","","","","","","",""
"NEV001","","","","","","","",""
"FF96GTGP","","","","","","","",""
"NIG001","","","","","","","",""
"CF14NNGP","","","","","","","",""
"LCB699NW","","","","","","","",""
"CHD39626","","","","","","","",""
"EFB229GP","","","","","","","",""
"LHP158NW","","","","","","","",""
"CH825212","","","","","","","",""
"CH828228","","","","","","","",""
"EMG140","","","","","","","",""
"CHASSIS3621","","","","","","","",""
"HG03SSGP","","","","","","","",""
"CH0658569","","","","","","","",""
"LF37DXGP","","","","","","","",""
"JDH794L","","","","","","","",""
"KYR719MP","","","","","","","",""
"CH45088","","","","","","","",""
"HT98RMGP","","","","","","","",""
"NOP001","","","","","","","",""
"BV62VBGP","","","","","","","",""
"CS61XCGP","","","","","","","",""
"JF92VLGP","","","","","","","",""
"OMN001","","","","","","","",""
"DL43TMGP","","","","","","","",""
"ONY001","","","","","","","",""
"HN63GDGP","","","","","","","",""
"OTTER001","","","","","","","",""
"HL83NHGP","","","","","","","",""
"KD90ZVGP","","","","","","","",""
"CM76FKGP","","","","","","","",""
"KD06VGGP","","","","","","","",""
"PBT001","","","","","","","",""
"CH869362","","","","","","","",""
"CH952980","","","","","","","",""
"04863308","","","","","","","",""
"04722383","","","","","","","",""
"04863130","","","","","","","",""
"04711576","","","","","","","",""
"ZNH851GP","","","","","","","",""
"LKN806MP","","","","","","","",""
"04203248","","","","","","","",""
"MPW374MP","","","","","","","",""
"04707551","","","","","","","",""
"04590338","","","","","","","",""
"SKG352GP","","","","","","","",""
"04574032","","","","","","","",""
"04573245","","","","","","","",""
"04865328","","","","","","","",""
"04863298","","","","","","","",""
"04711555","","","","","","","",""
"JB35PZGP","","","","","","","",""
"JFW921GP","","","","","","","",""
"04588617","","","","","","","",""
"04736651","","","","","","","",""
"HPR315MP","","","","","","","",""
"04804448","","","","","","","",""
"04879927","","","","","","","",""
"ESM976GP","","","","","","","",""
"04915312","","","","","","","",""
"04345169","","","","","","","",""
"04346925","","","","","","","",""
"PETRUS001","","","","","","","",""
"FH38SRGP","","","","","","","",""
"04360453","","","","","","","",""
"FT08MTGP","","","","","","","",""
"PF001","","","","","","","",""
"LV34ZHGP","","","","","","","",""
"PILLAR","","","","","","","",""
"CR38MKGP","","","","","","","",""
"LP65LWGP","","","","","","","",""
"MPFT","","","","","","","",""
"KW54NHGP","","","","","","","",""
"HV77DSGP","","","","","","","",""
"CHASSIS821408","","","","","","","",""
"KF72RVGP","","","","","","","",""
"LL83FTGP","","","","","","","",""
"CH015850","","","","","","","",""
"PMP001","","","","","","","",""
"POL001","","","","","","","",""
"KD98VCGP","","","","","","","",""
"CS72VSGP","","","","","","","",""
"682","","","","","","","",""
"BF46KKGP","","","","","","","",""
"DM33DNGP","","","","","","","",""
"KP27PBGP","","","","","","","",""
"KN43BPGP","","","","","","","",""
"JX25TTGP","","","","","","","",""
"BZ26KBGP","","","","","","","",""
"MC97DHGP","","","","","","","",""
"LS87STGP","","","","","","","",""
"JX65JXGP","","","","","","","",""
"A34UGP","","","","","","","",""
"JZ32BLGP","","","","","","","",""
"ZLF986GP","","","","","","","",""
"HB82ZDGP","","","","","","","",""
"RENTRAK","","","","","","","",""
"REN001","","","","","","","",""
"SBJ211GP","","","","","","","",""
"1098","","","","","","","",""
"RCC001","","","","","","","",""
"CHASSIS814775","","","","","","","",""
"FR14JGGP","","","","","","","",""
"RGH610GP","","","","","","","",""
"RON001","","","","","","","",""
"JK97VRGP","","","","","","","",""
"ROOFING001","","","","","","","",""
"ROY001","","","","","","","",""
"KRZ075NW","","","","","","","",""
"KFJ760NW","","","","","","","",""
"ALEX001","","","","","","","",""
"FT98HZGP","","","","","","","",""
"CHASSIS10268","","","","","","","",""
"FV21ZJGP","","","","","","","",""
"FT22SLGP","","","","","","","",""
"CHASSIS12296","","","","","","","",""
"FT22SGGP","","","","","","","",""
"CHASSIS12379","","","","","","","",""
"FT98HCGP","","","","","","","",""
"FT18LJGP","","","","","","","",""
"CHASSIS12374","","","","","","","",""
"FV22BTGP","","","","","","","",""
"FV27MCGP","","","","","","","",""
"FT31YXGP","","","","","","","",""
"CHASSIS12294","","","","","","","",""
"FW49MGGP","","","","","","","",""
"CHASSIS10265","","","","","","","",""
"FV52JBGP","","","","","","","",""
"FT98HSGP","","","","","","","",""
"CHASSIS10263","","","","","","","",""
"FT98HHGP","","","","","","","",""
"CHASSIS10270","","","","","","","",""
"FV22BBGP","","","","","","","",""
"FV41PFGP","","","","","","","",""
"FV41NYGP","","","","","","","",""
"FT98HMGP","","","","","","","",""
"CHASSIS10264","","","","","","","",""
"FT98HNGP","","","","","","","",""
"CHASSIS10259","","","","","","","",""
"CHASSIS10285","","","","","","","",""
"FW06JZGP","","","","","","","",""
"CHASSIS10256","","","","","","","",""
"FW06JHGP","","","","","","","",""
"CHASSIS10245","","","","","","","",""
"CHASSIS10294","","","","","","","",""
"FV52JJGP","","","","","","","",""
"BD04GBGP","","","","","","","",""
"04506538","","","","","","","",""
"SDJ566GP","","","","","","","",""
"04507327","","","","","","","",""
"BB51CBGP","","","","","","","",""
"04507361","","","","","","","",""
"ZWS603GP","","","","","","","",""
"04507461","","","","","","","",""
"FT58VHGP","","","","","","","",""
"CHASSIS10251","","","","","","","",""
"FS07JFGP","","","","","","","",""
"04385477","","","","","","","",""
"FS11YGGP","","","","","","","",""
"04385486","","","","","","","",""
"FS05PLGP","","","","","","","",""
"04388477","","","","","","","",""
"FS12BZGP","","","","","","","",""
"04388491","","","","","","","",""
"FS12CKGP","","","","","","","",""
"04388655","","","","","","","",""
"FS12BGGP","","","","","","","",""
"04388884","","","","","","","",""
"FS35JBGP","","","","","","","",""
"CHASSIS10241","","","","","","","",""
"FS11YZGP","","","","","","","",""
"04389111","","","","","","","",""
"FS61ZBGP","","","","","","","",""
"CHASSIS10240","","","","","","","",""
"FT58TWGP","","","","","","","",""
"CHASSIS10238","","","","","","","",""
"FS11ZGGP","","","","","","","",""
"04389306","","","","","","","",""
"FT18KTGP","","","","","","","",""
"CHASSIS10236","","","","","","","",""
"LOAD001","","","","","","","",""
"HPG233FS","","","","","","","",""
"HJM996FS","","","","","","","",""
"HPF004FS","","","","","","","",""
"2R001","","","","","","","",""
"KG96SVGP","","","","","","","",""
"607","","","","","","","",""
"BN50JGGP","","","","","","","",""
"BN50NMGP","","","","","","","",""
"BF74JSGP","","","","","","","",""
"ZGB303GP","","","","","","","",""
"1147","","","","","","","",""
"FAITHWHEELS","","","","","","","",""
"CH969334","","","","","","","",""
"CHASSIS469471","","","","","","","",""
"FT3693","","","","","","","",""
"FT3694","","","","","","","",""
"FT3695","","","","","","","",""
"CH969333","","","","","","","",""
"FT4048","","","","","","","",""
"FT4049","","","","","","","",""
"CHASSIS969142","","","","","","","",""
"CH004046","","","","","","","",""
"FT4695","","","","","","","",""
"FT4694","","","","","","","",""
"FT05214","","","","","","","",""
"MP71TSGP","","","","","","","",""
"MP71TWGP","","","","","","","",""
"MP71TPGP","","","","","","","",""
"MP71TNGP","","","","","","","",""
"MM58DYGP","","","","","","","",""
"MM58DMGP","","","","","","","",""
"FT3696","","","","","","","",""
"HILUX","","","","","","","",""
"CHASSIS491489","","","","","","","",""
"CH996733","","","","","","","",""
"CH996713","","","","","","","",""
"CH173002","","","","","","","",""
"CH795212","","","","","","","",""
"CH784929","","","","","","","",""
"CH795395","","","","","","","",""
"CH795213","","","","","","","",""
"VOLVO8","","","","","","","",""
"SHE001","","","","","","","",""
"CM91DTGP","","","","","","","",""
"04214097","","","","","","","",""
"SIL001","","","","","","","",""
"SINAI001","","","","","","","",""
"SOLPROPS","","","","","","","",""
"KZ05VYGP","","","","","","","",""
"KR86KMGP","","","","","","","",""
"HV99PZGP","","","","","","","",""
"CT69NWGP","","","","","","","",""
"04380520","","","","","","","",""
"FJ67KFGP","","","","","","","",""
"04893259","","","","","","","",""
"AUM315GP","","","","","","","",""
"HC23CJGP","","","","","","","",""
"HH23VFGP","","","","","","","",""
"JF43YPGP","","","","","","","",""
"CHASSIS575908","","","","","","","",""
"DEMO","","","","","","","",""
"CZC413386","","","","","","","",""
"04874343","","","","","","","",""
"DL53LLGP","","","","","","","",""
"EN0056","","","","","","","",""
"HW47KMGP","","","","","","","",""
"JJ92NYGP","","","","","","","",""
"FB39DDGP","","","","","","","",""
"HC90DDGP","","","","","","","",""
"SPARSR","","","","","","","",""
"KH08NVGP","","","","","","","",""
"FJ76YSGP","","","","","","","",""
"STEELGRAIN","","","","","","","",""
"CPJ707NC","","","","","","","",""
"B16","","","","","","","",""
"B11","","","","","","","",""
"B19","","","","","","","",""
"B17","","","","","","","",""
"B12","","","","","","","",""
"B20","","","","","","","",""
"B14","","","","","","","",""
"B10","","","","","","","",""
"CXW095NC","","","","","","","",""
"CXW096NC","","","","","","","",""
"CXM432NC","","","","","","","",""
"DCD059NC","","","","","","","",""
"DCB015NC","","","","","","","",""
"DDJ785NC","","","","","","","",""
"CVN701NC","","","","","","","",""
"CWS062NC","","","","","","","",""
"CXS675NC","","","","","","","",""
"DBT745NC","","","","","","","",""
"CFK083GP","","","","","","","",""
"B13","","","","","","","",""
"CMX002NC","","","","","","","",""
"STRUCMAC","","","","","","","",""
"STR147","","","","","","","",""
"KPV955MP","","","","","","","",""
"KLM372MP","","","","","","","",""
"FORD","","","","","","","",""
"04727332","","","","","","","",""
"CHASSIS808391","","","","","","","",""
"04711547","","","","","","","",""
"04628358","","","","","","","",""
"XNS152GP","","","","","","","",""
"04628387","","","","","","","",""
"SPW496GP","","","","","","","",""
"04712724","","","","","","","",""
"04707545","","","","","","","",""
"SPW504GP","","","","","","","",""
"04712618","","","","","","","",""
"04594664","","","","","","","",""
"XLY862GP","","","","","","","",""
"04722380","","","","","","","",""
"04712615","","","","","","","",""
"04319861","","","","","","","",""
"YXR243GP","","","","","","","",""
"SUN001","","","","","","","",""
"HM07KMGP","","","","","","","",""
"FTG810X","","","","","","","",""
"LD71WFGP","","","","","","","",""
"FV03LMGP","","","","","","","",""
"PALLY1GP","","","","","","","",""
"TACIT001","","","","","","","",""
"B977BMV","","","","","","","",""
"HK76WRGP","","","","","","","",""
"LK46ZRGP","","","","","","","",""
"LN28KHGP","","","","","","","",""
"B580BUK","","","","","","","",""
"LT57WLGP","","","","","","","",""
"LY16TGGP","","","","","","","",""
"MG26KRGP","","","","","","","",""
"B807BUI","","","","","","","",""
"B889BKL","","","","","","","",""
"B948BTL","","","","","","","",""
"MH57JTGP","","","","","","","",""
"FZ34BRGP","","","","","","","",""
"MB02BCGP","","","","","","","",""
"MK42RNGP","","","","","","","",""
"TAL001","","","","","","","",""
"SPARCO","","","","","","","",""
"TECH001","","","","","","","",""
"LEI001","","","","","","","",""
"DB51CCGP","","","","","","","",""
"1113","","","","","","","",""
"KD05XXGP","","","","","","","",""
"TRIANGLE001","","","","","","","",""
"KB03FKGP","","","","","","","",""
"JZ31NRGP","","","","","","","",""
"TJM884GP","","","","","","","",""
"JN21PZG","","","","","","","",""
"LC08SPGP","","","","","","","",""
"LV93RCGP","","","","","","","",""
"JBG896FS","","","","","","","",""
"CYL124NC","","","","","","","",""
"CYL132NC","","","","","","","",""
"LT31MKGP","","","","","","","",""
"DT74RTGP","","","","","","","",""
"TSHI001","","","","","","","",""
"DW23MJGP","","","","","","","",""
"TT001","","","","","","","",""
"MJB001","","","","","","","",""
"KJT817MP","","","","","","","",""
"TUR001","","","","","","","",""
"DRL919L","","","","","","","",""
"HMK242L","","","","","","","",""
"EZX330GP","","","","","","","",""
"CYC136L","","","","","","","",""
"DJM311L","","","","","","","",""
"DJM317L","","","","","","","",""
"DXJ570L","","","","","","","",""
"CH169034","","","","","","","",""
"CH170466","","","","","","","",""
"CH172514","","","","","","","",""
"BSZ322L","","","","","","","",""
"608","","","","","","","",""
"TYREL001","","","","","","","",""
"LN70HRGP","","","","","","","",""
"JH75PVGP","","","","","","","",""
"TYR001","","","","","","","",""
"KX95JTGP","","","","","","","",""
"1067","","","","","","","",""
"VDM001","","","","","","","",""
"CM43YVGP","","","","","","","",""
"04804433","","","","","","","",""
"04805164","","","","","","","",""
"04790500","","","","","","","",""
"04579548","","","","","","","",""
"04628642","","","","","","","",""
"04628666","","","","","","","",""
"04628801","","","","","","","",""
"04722816","","","","","","","",""
"04728954","","","","","","","",""
"04751840","","","","","","","",""
"04857661","","","","","","","",""
"VEC001","","","","","","","",""
"MD25GBGP","","","","","","","",""
"VRNDBN","","","","","","","",""
"NPN45066","","","","","","","",""
"04359287","","","","","","","",""
"NPN10542","","","","","","","",""
"GPS093L","","","","","","","",""
"BG47WZGP","","","","","","","",""
"NRB72737","","","","","","","",""
"04048625","","","","","","","",""
"NU121322","","","","","","","",""
"NRB52130","","","","","","","",""
"NPN86508","","","","","","","",""
"04893213","","","","","","","",""
"NPN82463","","","","","","","",""
"04893264","","","","","","","",""
"NPN87755","","","","","","","",""
"04775113","","","","","","","",""
"NU72457","","","","","","","",""
"NRB13548","","","","","","","",""
"NU123906","","","","","","","",""
"NRB50088","","","","","","","",""
"NPN88971","","","","","","","",""
"04893257","","","","","","","",""
"NPN69495","","","","","","","",""
"04893214","","","","","","","",""
"04774785","","","","","","","",""
"DND125L","","","","","","","",""
"04774947","","","","","","","",""
"VRNGAU","","","","","","","",""
"CHASSIS219843","","","","","","","",""
"CH508594","","","","","","","",""
"CH121429","","","","","","","",""
"04751352","","","","","","","",""
"04692963","","","","","","","",""
"04693031","","","","","","","",""
"04312893","","","","","","","",""
"04593011","","","","","","","",""
"04313033","","","","","","","",""
"04692937","","","","","","","",""
"04692953","","","","","","","",""
"04312832","","","","","","","",""
"VRNKAT","","","","","","","",""
"CH520167","","","","","","","",""
"CHX24379","","","","","","","",""
"CHX24703","","","","","","","",""
"04915577","","","","","","","",""
"DMN353FS","","","","","","","",""
"04915585","","","","","","","",""
"VRNKLER","","","","","","","",""
"CH050870","","","","","","","",""
"04389295","","","","","","","",""
"FDX531FS","","","","","","","",""
"04637380","","","","","","","",""
"04898610","","","","","","","",""
"04899127","","","","","","","",""
"04896219","","","","","","","",""
"04805117","","","","","","","",""
"VRNPE","","","","","","","",""
"04893216","","","","","","","",""
"CH096427","","","","","","","",""
"VRN001","","","","","","","",""
"04804962","","","","","","","",""
"CHX24698","","","","","","","",""
"04804990","","","","","","","",""
"04309854","","","","","","","",""
"04901423","","","","","","","",""
"04702715","","","","","","","",""
"CH520168","","","","","","","",""
"VRNSPR","","","","","","","",""
"04637333","","","","","","","",""
"BL87ZWGP","","","","","","","",""
"VRNCT","","","","","","","",""
"CH006324","","","","","","","",""
"DZK676EC","","","","","","","",""
"04359146","","","","","","","",""
"XWY233GP","","","","","","","",""
"04319830","","","","","","","",""
"CJ81RSGP","","","","","","","",""
"04504781","","","","","","","",""
"04389186","","","","","","","",""
"04898224","","","","","","","",""
"CF00VMGP","","","","","","","",""
"04899586","","","","","","","",""
"CHY01322","","","","","","","",""
"VRNWITB","","","","","","","",""
"CN23FCGP","","","","","","","",""
"04526879","","","","","","","",""
"DGM223L","","","","","","","",""
"04804505","","","","","","","",""
"CH104052","","","","","","","",""
"BRF432L","","","","","","","",""
"04051533","","","","","","","",""
"DP18XSGP","","","","","","","",""
"04915535","","","","","","","",""
"04915496","","","","","","","",""
"04915485","","","","","","","",""
"04915482","","","","","","","",""
"WALT001","","","","","","","",""
"LM00TXGP","","","","","","","",""
"1163","","","","","","","",""
"CH075817","","","","","","","",""
"HW65MMGP","","","","","","","",""
"KD12GMGP","","","","","","","",""
"1164","","","","","","","",""
"LS34MPGP","","","","","","","",""
"1166","","","","","","","",""
"1169","","","","","","","",""
"BX21WWGP","","","","","","","",""
"MP29JHGP","","","","","","","",""
"MK13XFGP","","","","","","","",""
"1168","","","","","","","",""
"FV07YVGP","","","","","","","",""
"1165","","","","","","","",""
"1167","","","","","","","",""
"LR98FNGP","","","","","","","",""
"CH20677","","","","","","","",""
"DV90FNGP","","","","","","","",""
"MG60LFGP","","","","","","","",""
"JB63LBGP","","","","","","","",""
"KF26RFGP","","","","","","","",""
"WAY001","","","","","","","",""
"MC33XTGP","","","","","","","",""
"WEF001","","","","","","","",""
"FP44LSGP","","","","","","","",""
"JD19CFGP","","","","","","","",""
"JJ01LJGP","","","","","","","",""
"TTZ197GP","","","","","","","",""
"JZ72RYGP","","","","","","","",""
"CA841683","","","","","","","",""
"JF17CLGP","","","","","","","",""
"KG01BVGP","","","","","","","",""
"ZHK932GP","","","","","","","",""
"KS61PXGP","","","","","","","",""
"ZCS551GP","","","","","","","",""
"KH65FJGP","","","","","","","",""
"JJMAAZN","","","","","","","",""
"WGS001","","","","","","","",""
"CAW98842","","","","","","","",""
"CHASSIS26243","","","","","","","",""
